srch_id,site_id,visitor_location_country_id,visitor_hist_starrating,visitor_hist_adr_usd,prop_country_id,prop_id,prop_starrating,prop_review_score,prop_brand_bool,prop_location_score1,prop_location_score2,prop_log_historical_price,position,price_usd,promotion_flag,srch_destination_id,srch_length_of_stay,srch_booking_window,srch_adults_count,srch_children_count,srch_room_count,srch_saturday_night_bool,srch_query_affinity_score,orig_destination_distance,random_bool,rank,price_rank_srch,mean_price_usd_srch_id,mean_prop_starrating_srch_id,mean_prop_review_score_srch_id,mean_prop_location_score1_srch_id,mean_prop_location_score2_srch_id,mean_prop_log_historical_price_srch_id,mean_srch_length_of_stay_srch_id,mean_srch_booking_window_srch_id,mean_srch_adults_count_srch_id,mean_srch_children_count_srch_id,mean_srch_room_count_srch_id,mean_srch_query_affinity_score_srch_id,mean_orig_destination_distance_srch_id,mean_price_usd_prop_id,mean_prop_starrating_prop_id,mean_prop_review_score_prop_id,mean_prop_location_score1_prop_id,mean_prop_location_score2_prop_id,mean_prop_log_historical_price_prop_id,mean_srch_length_of_stay_prop_id,mean_srch_booking_window_prop_id,mean_srch_adults_count_prop_id,mean_srch_children_count_prop_id,mean_srch_room_count_prop_id,mean_srch_query_affinity_score_prop_id,mean_orig_destination_distance_prop_id,mean_price_usd_loc,mean_prop_starrating_loc,mean_prop_review_score_loc,mean_prop_location_score1_loc,mean_prop_location_score2_loc,mean_prop_log_historical_price_loc,mean_srch_length_of_stay_loc,mean_srch_booking_window_loc,mean_srch_adults_count_loc,mean_srch_children_count_loc,mean_srch_room_count_loc,mean_srch_query_affinity_score_loc,mean_orig_destination_distance_loc,n_props_srch,n_props_loc,n_srchitems_loc,n_srchitems,n_srchitems_prop,freq_country,freq_prop,category,comp_rate,comp_inv,comp_rate_percent_diff,month,star_diff,price_diff
1,-0.19214454706954526,0.24531992266785368,0.0,0.0,0.7164758738538947,68914,-1.1079724299679155,-0.6305413397937826,1,-0.2060329093611706,0.3417850372766472,-0.2758770277449866,-0.09717745125975058,-0.12050478866791532,0,1.2528963139286198,-0.5764022385513913,-0.8872699812927491,2.1655896225167526,-0.4102307773455109,-0.16012815380508655,1,0.0,-0.3410598738603675,1,-0.08429672814388701,-0.9961665492889027,0.30580879653322046,0.2283639820182747,-0.2962428413359737,-0.3030457652753816,-0.38910023162594826,0.07303690726608443,-0.5764022385513913,-0.8872699812927491,2.1655896225167526,-0.4102307773455109,-0.16012815380508655,0.3333333333333333,-0.3408876153529393,-0.12050478866791532,-1.1079724299679155,-0.6305413397937826,-0.2060329093611706,0.3417850372766472,-0.2758770277449866,-0.5764022385513913,-0.8872699812927491,2.1655896225167526,-0.4102307773455109,-0.16012815380508655,0.0,-0.3410598738603675,0.6043967697725819,0.12517016742145937,0.6735767296537387,-0.30688341553232074,-0.21620453865979572,0.47679573237697104,0.2817186316463546,-0.5481400975084769,-0.029589418670164555,-0.2818122082130848,-0.16012815380508655,0.3333333333333333,-0.14230086682200482,0.1772674395362971,0.9041393492253029,0.9041393492253029,0.1772674395362971,0.0,0.9041393492253029,0.0,5,1.181959366386752,0.5900384383152614,-0.29125309317271725,-0.5211991439154816,0.0,-0.12050478866791532
6,0.04803613676738637,-1.149636500345431,0.0,0.0,-0.8801651184422374,104251,0.028409549486356704,0.39891390884912803,1,-0.36574834297448144,-1.5609357887995332,-5.1754530404959675,-1.2077768942283278,0.5827620030023448,0,0.9752734728994672,-0.5764022385513913,-0.8118859556943847,0.026735674352058578,-0.4102307773455109,-0.16012815380508655,0,0.0,-0.023513641862380065,0,-1.0632264743309616,-0.8601711159388818,-0.10941099343655794,-2.7191206311589373,-1.166169247958682,-0.5592624031570096,-5.080544041091775,-5.638400979318395,-0.5764022385513913,-0.8118859556943847,0.026735674352058578,-0.4102307773455109,-0.16012815380508655,0.3333333333333333,-0.02342708009745094,0.5827620030023448,0.028409549486356704,0.39891390884912803,-0.36574834297448144,-1.5609357887995332,-5.1754530404959675,-0.5764022385513913,-0.8118859556943847,0.026735674352058578,-0.4102307773455109,-0.16012815380508655,0.0,-0.023513641862380065,-0.8469062347031914,-2.3496514699119526,-0.8630889521054536,-1.4115041936904829,-0.43833163733814123,-2.4661129501928567,-1.396522283897235,0.07052297316859932,0.036164845041312434,-0.5054726909218822,-0.16012815380508655,0.3333333333333333,-0.2744765495042722,-2.8998277373201824,-1.171939044849939,-1.171939044849939,-2.8998277373201824,0.0,-1.171939044849939,0.0,5,-0.8515191134184126,-1.0565804593087236,-0.28108228873506413,-0.05270553140718347,0.0,0.5827620030023448
8,-1.032776940498806,0.758407342626763,0.0,0.0,0.7164758738538947,27669,0.028409549486356704,-0.11581371547232726,1,0.3050564782014234,0.6961914933192515,-0.07724556776859587,0.18047240948239374,-0.3738466458350075,0,-0.8440642479383059,-0.5764022385513913,-0.8872699812927491,-1.0426912997302884,-0.4102307773455109,-0.16012815380508655,0,0.0,-0.33854899349295414,0,-1.0632264743309616,-0.8601711159388818,0.30782615180349826,0.1863770217166044,0.7200263252793394,-0.6433593861048781,-0.05891175496435177,0.23189735393307173,-0.5764022385513913,-0.8872699812927491,-1.0426912997302884,-0.4102307773455109,-0.16012815380508655,0.3333333333333333,-0.33858846844888707,-0.3738466458350075,0.028409549486356704,-0.11581371547232726,0.3050564782014234,0.6961914933192515,-0.07724556776859587,-0.5764022385513913,-0.8872699812927491,-1.0426912997302884,-0.4102307773455109,-0.16012815380508655,0.0,-0.33854899349295414,0.6043967697725819,0.12517016742145937,0.6735767296537387,-0.30688341553232074,-0.21620453865979572,0.47679573237697104,0.2817186316463546,-0.5481400975084769,-0.029589418670164555,-0.2818122082130848,-0.16012815380508655,0.3333333333333333,-0.14230086682200482,-0.7592397882026315,0.9041393492253029,0.9041393492253029,-0.7592397882026315,0.0,0.9041393492253029,0.0,5,0.1652201264841697,1.1389114041899229,-0.2844725568809485,-0.7554459501696308,0.0,-0.3738466458350075
21,0.16812647868585218,-1.8711656846626472,0.0,0.0,0.6762244202665972,61662,0.028409549486356704,-0.11581371547232726,0,0.9694726820327958,1.3045177774155259,-0.165526216646992,-0.9301270334861835,-0.9647119212668788,1,0.5932177407355167,0.9606703975856521,0.04749193612696956,-1.0426912997302884,-0.4102307773455109,-0.16012815380508655,0,0.0,-0.3410598738603675,0,0.35078315905036833,-0.5881802492388402,-0.6436099132453041,-0.08002300226640292,-1.982548782630074,0.801462638574239,1.1341471908672645,-0.07781360717698076,0.9606703975856521,0.04749193612696956,-1.0426912997302884,-0.4102307773455109,-0.16012815380508655,0.3333333333333333,-0.3408876153529393,-0.9647119212668788,0.028409549486356704,-0.11581371547232726,0.9694726820327958,1.3045177774155259,-0.165526216646992,0.9606703975856521,0.04749193612696956,-1.0426912997302884,-0.4102307773455109,-0.16012815380508655,0.0,-0.3410598738603675,-1.5623661096252195,-0.10366391500885885,-2.1614512880783616,0.9688483972615647,2.0113269558581153,-0.016743322319604688,2.154651068714723,0.08072307586112314,-1.9627647717875851,-0.5054726909218822,-0.16012815380508655,0.3333333333333333,-0.3986772607309158,0.311054186356144,-1.0782271728951538,-1.0782271728951538,0.311054186356144,0.0,-1.0782271728951538,0.0,5,-0.8515191134184126,0.5900384383152614,-0.4336443552998605,-0.9896927564237799,0.0,-0.9647119212668788
25,-1.032776940498806,0.758407342626763,0.0,0.0,0.7164758738538947,23228,1.164791528940629,0.39891390884912803,0,0.4711605291592663,0.9887026608788759,-0.2758770277449866,0.7357721309666824,-1.0594161775017767,1,-1.2782715605198822,-0.5764022385513913,-0.8872699812927491,0.026735674352058578,-0.4102307773455109,-0.16012815380508655,0,0.0,0.0323473755186436,0,-0.9544565025323978,-0.18019394918877754,-0.7750675059452946,-0.057910747311291505,0.57220535558984,-0.4273592514794398,-0.24107350664594454,-0.3158272728561266,-0.5764022385513913,-0.8872699812927491,0.026735674352058578,-0.4102307773455109,-0.16012815380508655,0.3333333333333333,0.03173834182253494,-1.0594161775017767,1.164791528940629,0.39891390884912803,0.4711605291592663,0.9887026608788759,-0.2758770277449866,-0.5764022385513913,-0.8872699812927491,0.026735674352058578,-0.4102307773455109,-0.16012815380508655,0.0,0.0323473755186436,0.6043967697725819,0.12517016742145937,0.6735767296537387,-0.30688341553232074,-0.21620453865979572,0.47679573237697104,0.2817186316463546,-0.5481400975084769,-0.029589418670164555,-0.2818122082130848,-0.16012815380508655,0.3333333333333333,-0.14230086682200482,0.8462011736355318,0.9041393492253029,0.9041393492253029,0.8462011736355318,0.0,0.9041393492253029,0.0,5,1.181959366386752,1.1389114041899229,-0.29125309317271725,1.3527753061177112,0.0,-1.0594161775017767
28,-1.032776940498806,0.758407342626763,0.0,0.0,0.7164758738538947,13996,1.164791528940629,0.39891390884912803,1,0.23478168741156677,0.3949180409442654,0.4193330821723821,1.1059719452895416,-0.3738466458350075,0,1.380810389281304,0.44831285220663764,-0.4801962430615813,-1.0426912997302884,-0.4102307773455109,-0.16012815380508655,0,0.0,-0.28416924982965014,0,-1.0632264743309616,0.6357786509113477,-0.47945706220151124,0.8803967772912628,1.183923309569625,-0.3019219405703788,-0.43457840297596856,0.26774893617994905,0.44831285220663764,-0.4801962430615813,-1.0426912997302884,-0.4102307773455109,-0.16012815380508655,0.3333333333333333,-0.2840556016193726,-0.3738466458350075,1.164791528940629,0.39891390884912803,0.23478168741156677,0.3949180409442654,0.4193330821723821,0.44831285220663764,-0.4801962430615813,-1.0426912997302884,-0.4102307773455109,-0.16012815380508655,0.0,-0.28416924982965014,0.6043967697725819,0.12517016742145937,0.6735767296537387,-0.30688341553232074,-0.21620453865979572,0.47679573237697104,0.2817186316463546,-0.5481400975084769,-0.029589418670164555,-0.2818122082130848,-0.16012815380508655,0.3333333333333333,-0.14230086682200482,0.9799879204553787,0.9041393492253029,0.9041393492253029,0.9799879204553787,0.0,0.9041393492253029,0.0,5,-0.8515191134184126,0.04116547244059972,-0.48449837748812596,1.118528499863562,0.0,-0.3738466458350075
29,0.5283975044412497,-0.6846510260076694,0.0,0.0,0.7164758738538947,1722,0.028409549486356704,0.39891390884912803,0,2.042760395914243,0.5151664176657171,1.2359290842975448,-1.2077768942283278,2.227650574678172,1,-1.0956112987586455,1.985385488343681,1.283789955940146,3.2350165965990993,-0.4102307773455109,-0.16012815380508655,0,0.0,1.4801297373124778,0,-1.389536389726653,-1.2681574159889444,4.808204579914117,1.3147765798239774,0.6692128669485742,2.0870445773742285,-0.05632419037784252,1.3027047100585532,1.985385488343681,1.283789955940146,3.2350165965990993,-0.4102307773455109,-0.16012815380508655,0.3333333333333333,1.4794893731530039,2.227650574678172,0.028409549486356704,0.39891390884912803,2.042760395914243,0.5151664176657171,1.2359290842975448,1.985385488343681,1.283789955940146,3.2350165965990993,-0.4102307773455109,-0.16012815380508655,0.0,1.4801297373124778,0.6043967697725819,0.12517016742145937,0.6735767296537387,-0.30688341553232074,-0.21620453865979572,0.47679573237697104,0.2817186316463546,-0.5481400975084769,-0.029589418670164555,-0.2818122082130848,-0.16012815380508655,0.3333333333333333,-0.14230086682200482,-1.4281735223018661,0.9041393492253029,0.9041393492253029,-1.4281735223018661,0.0,0.9041393492253029,0.0,5,-0.8515191134184126,-1.0565804593087236,-0.28108228873506413,-0.9896927564237799,0.0,2.227650574678172
30,1.2489395559520446,0.7103053970056152,0.0,0.0,0.7164758738538947,125611,0.028409549486356704,-0.11581371547232726,1,1.2952921666039494,0.797983142450899,1.0372976243211538,-0.09717745125975058,1.0926344128326535,1,0.8731757271565033,3.5224581244807243,-0.6912715147370017,0.026735674352058578,-0.4102307773455109,-0.16012815380508655,0,0.0,-0.3410598738603675,0,1.0034029898417514,0.09179691751126418,0.7419413622772688,0.543266184280797,0.272867891968602,1.2530973693968968,0.7836794924547126,0.8473768876367187,3.5224581244807243,-0.6912715147370017,0.026735674352058578,-0.4102307773455109,-0.16012815380508655,0.3333333333333333,-0.3408876153529393,1.0926344128326535,0.028409549486356704,-0.11581371547232726,1.2952921666039494,0.797983142450899,1.0372976243211538,3.5224581244807243,-0.6912715147370017,0.026735674352058578,-0.4102307773455109,-0.16012815380508655,0.0,-0.3410598738603675,0.6043967697725819,0.12517016742145937,0.6735767296537387,-0.30688341553232074,-0.21620453865979572,0.47679573237697104,0.2817186316463546,-0.5481400975084769,-0.029589418670164555,-0.2818122082130848,-0.16012815380508655,0.3333333333333333,-0.14230086682200482,0.1772674395362971,0.9041393492253029,0.9041393492253029,0.1772674395362971,0.0,0.9041393492253029,0.0,5,1.181959366386752,1.1389114041899229,-0.29125309317271725,-0.9896927564237799,0.0,1.0926344128326535
36,1.0087588721151128,-1.2779083553351582,0.0,0.0,0.7164758738538947,15181,0.028409549486356704,0.39891390884912803,1,-0.5829613326885839,0.6359740891626176,0.20966654108619104,-0.9301270334861835,-0.11061983262992928,0,-1.410596466057142,-0.06404469317237681,-0.7214251249763475,-1.0426912997302884,-0.4102307773455109,-0.16012815380508655,0,0.0,-0.3410598738603675,0,-1.1719964461295254,0.09179691751126418,-0.15469946332078127,-0.028222997603040156,1.514974651165096,-1.0206520283666147,-0.3716899838280913,0.13647561326764532,-0.06404469317237681,-0.7214251249763475,-1.0426912997302884,-0.4102307773455109,-0.16012815380508655,0.3333333333333333,-0.3408876153529393,-0.11061983262992928,0.028409549486356704,0.39891390884912803,-0.5829613326885839,0.6359740891626176,0.20966654108619104,-0.06404469317237681,-0.7214251249763475,-1.0426912997302884,-0.4102307773455109,-0.16012815380508655,0.0,-0.3410598738603675,0.6043967697725819,0.12517016742145937,0.6735767296537387,-0.30688341553232074,-0.21620453865979572,0.47679573237697104,0.2817186316463546,-0.5481400975084769,-0.029589418670164555,-0.2818122082130848,-0.16012815380508655,0.3333333333333333,-0.14230086682200482,0.04348069271645016,0.9041393492253029,0.9041393492253029,0.04348069271645016,0.0,0.9041393492253029,0.0,5,1.181959366386752,1.1389114041899229,-0.29125309317271725,-0.5211991439154816,0.0,-0.11061983262992928
39,-1.032776940498806,0.758407342626763,0.0,0.0,0.7164758738538947,109855,-1.1079724299679155,-0.11581371547232726,1,-0.9087808172597376,0.9031305602352382,-0.706245191027168,-1.2077768942283278,-0.8521509702536837,0,1.3975455979227809,-0.5764022385513913,-0.781732345455039,0.026735674352058578,2.5732657851672953,-0.16012815380508655,1,0.0,-0.31438723367113247,0,0.35078315905036833,-1.2681574159889444,0.07329083184833197,-1.3965313816563425,0.028963291980926557,-1.2316020790690652,0.35003206352625915,-0.3927396888227308,-0.5764022385513913,-0.781732345455039,0.026735674352058578,2.5732657851672953,-0.16012815380508655,0.3333333333333333,-0.3153487035656193,-0.8521509702536837,-1.1079724299679155,-0.11581371547232726,-0.9087808172597376,0.9031305602352382,-0.706245191027168,-0.5764022385513913,-0.781732345455039,0.026735674352058578,2.5732657851672953,-0.16012815380508655,0.0,-0.31438723367113247,0.6043967697725819,0.12517016742145937,0.6735767296537387,-0.30688341553232074,-0.21620453865979572,0.47679573237697104,0.2817186316463546,-0.5481400975084769,-0.029589418670164555,-0.2818122082130848,-0.16012815380508655,0.3333333333333333,-0.14230086682200482,-0.8930265350224784,0.9041393492253029,0.9041393492253029,-0.8930265350224784,0.0,0.9041393492253029,0.0,5,0.1652201264841697,0.04116547244059972,-0.2844725568809485,-0.5211991439154816,0.0,-0.8521509702536837
42,0.04803613676738637,-1.149636500345431,0.0,0.0,-0.8801651184422374,61713,-1.1079724299679155,0.39891390884912803,1,-1.6115287251583046,0.6909714087483978,0.48554356883117866,-1.2077768942283278,-0.003798533509758445,0,-1.0181623099294848,-0.5764022385513913,0.4244120641187916,0.026735674352058578,-0.4102307773455109,-0.16012815380508655,1,0.0,-0.3126145618450088,0,-0.8456865307338339,-0.3161893825387984,-0.44447783144620395,-1.9816769284059754,-0.6694907898019614,-1.2181119840111319,-0.13808658473090807,0.07539735167254444,-0.5764022385513913,0.4244120641187916,0.026735674352058578,-0.4102307773455109,-0.16012815380508655,0.3333333333333333,-0.3130842780172572,-0.003798533509758445,-1.1079724299679155,0.39891390884912803,-1.6115287251583046,0.6909714087483978,0.48554356883117866,-0.5764022385513913,0.4244120641187916,0.026735674352058578,-0.4102307773455109,-0.16012815380508655,0.0,-0.3126145618450088,-0.8469062347031914,-2.3496514699119526,-0.8630889521054536,-1.4115041936904829,-0.43833163733814123,-2.4661129501928567,-1.396522283897235,0.07052297316859932,0.036164845041312434,-0.5054726909218822,-0.16012815380508655,0.3333333333333333,-0.2744765495042722,-2.097107256401101,-1.171939044849939,-1.171939044849939,-2.097107256401101,0.0,-1.171939044849939,0.0,5,-0.8515191134184126,-1.0565804593087236,-0.28108228873506413,1.3527753061177112,0.0,-0.003798533509758445
44,0.16812647868585218,-1.8711656846626472,0.0,0.0,-1.4839369222516992,13205,1.164791528940629,0.9136415331705833,0,1.6722205899313625,0.5923490966776257,0.8497012454545624,-1.2077768942283278,0.2930690171794333,1,1.4482701450453972,-0.5764022385513913,-0.8721931761730763,-1.0426912997302884,-0.4102307773455109,-0.16012815380508655,0,0.0,-0.3410598738603675,0,-1.2807664179280893,0.6357786509113477,0.1348296252296393,2.026169282207949,1.744918381793208,1.8096649067694406,-0.21789741522074774,0.6943921708632289,-0.5764022385513913,-0.8721931761730763,-1.0426912997302884,-0.4102307773455109,-0.16012815380508655,0.3333333333333333,-0.3408876153529393,0.2930690171794333,1.164791528940629,0.9136415331705833,1.6722205899313625,0.5923490966776257,0.8497012454545624,-0.5764022385513913,-0.8721931761730763,-1.0426912997302884,-0.4102307773455109,-0.16012815380508655,0.0,-0.3410598738603675,0.27064269679383673,2.1150267566309497,2.0183818510475686,2.292053934267837,-0.5920056636762975,1.1419641839131054,-1.396522283897235,-0.9148069469292014,-1.9627647717875851,-0.5054726909218822,-0.16012815380508655,0.3333333333333333,-0.3986772607309158,0.8462011736355318,-1.0493927507552199,-1.0493927507552199,0.8462011736355318,0.0,-1.0493927507552199,0.0,5,1.181959366386752,0.04116547244059972,1.4581252701036143,-0.7554459501696308,0.0,0.2930690171794333
4,-1.032776940498806,0.758407342626763,0.0,0.0,0.7164758738538947,139893,-1.1079724299679155,-0.6305413397937826,1,-0.5829613326885839,0.36098749123371626,0.6179645421487728,0.18047240948239374,0.32766636331238425,0,-0.12976921863619675,-0.06404469317237681,-0.19373694578779657,-1.0426912997302884,-0.4102307773455109,-0.16012815380508655,1,0.0,-0.22588962814887428,1,1.982332736028826,-0.9961665492889027,1.411394440831025,0.2677267573010897,0.6692128669485742,-0.15324801439949107,0.3292804344472912,0.8820316379751012,-0.06404469317237681,-0.19373694578779657,-1.0426912997302884,-0.4102307773455109,-0.16012815380508655,0.3333333333333333,-0.22502748389929889,0.32766636331238425,-1.1079724299679155,-0.6305413397937826,-0.5829613326885839,0.36098749123371626,0.6179645421487728,-0.06404469317237681,-0.19373694578779657,-1.0426912997302884,-0.4102307773455109,-0.16012815380508655,0.0,-0.22588962814887428,0.6043967697725819,0.12517016742145937,0.6735767296537387,-0.30688341553232074,-0.21620453865979572,0.47679573237697104,0.2817186316463546,-0.5481400975084769,-0.029589418670164555,-0.2818122082130848,-0.16012815380508655,0.3333333333333333,-0.14230086682200482,0.7124144268156849,0.9041393492253029,0.9041393492253029,0.7124144268156849,0.0,0.9041393492253029,0.0,1,-0.8515191134184126,-1.0565804593087236,-0.28108228873506413,1.3527753061177112,0.0,0.32766636331238425
11,-1.032776940498806,0.758407342626763,0.0,0.0,0.7164758738538947,20499,-1.1079724299679155,-0.11581371547232726,1,-0.2060329093611706,-1.5609357887995332,-0.6400347043683704,1.5687217131931153,-1.011585745059909,0,-0.12691515204617743,-0.5764022385513913,-0.29927458162550674,0.026735674352058578,-0.4102307773455109,-0.16012815380508655,1,0.0,-0.2023203778141405,1,-0.9544565025323978,-1.1321619826389235,-0.6263769911200905,-0.2716625452107006,0.8481378323435734,-0.8055260314573878,0.15566443426506335,-0.15095150012106465,-0.5764022385513913,-0.29927458162550674,0.026735674352058578,-0.4102307773455109,-0.16012815380508655,0.3333333333333333,-0.20263925874044983,-1.011585745059909,-1.1079724299679155,-0.11581371547232726,-0.2060329093611706,-1.5609357887995332,-0.6400347043683704,-0.5764022385513913,-0.29927458162550674,0.026735674352058578,-0.4102307773455109,-0.16012815380508655,0.0,-0.2023203778141405,0.6043967697725819,0.12517016742145937,0.6735767296537387,-0.30688341553232074,-0.21620453865979572,0.47679573237697104,0.2817186316463546,-0.5481400975084769,-0.029589418670164555,-0.2818122082130848,-0.16012815380508655,0.3333333333333333,-0.14230086682200482,0.8462011736355318,0.9041393492253029,0.9041393492253029,0.8462011736355318,0.0,0.9041393492253029,0.0,1,0.6735897464354608,0.5900384383152614,-0.287184771397656,-0.9896927564237799,0.0,-1.011585745059909
12,-1.032776940498806,0.758407342626763,0.0,0.0,-0.10197034908782013,129310,0.028409549486356704,-0.11581371547232726,0,-1.6115287251583046,0.3921215670670224,-1.037297624321153,-1.2077768942283278,-1.2985683397111147,0,1.6942387929852445,-0.06404469317237681,-0.5706570737796186,1.0961626484344056,-0.4102307773455109,-0.16012815380508655,1,0.0,4.168141301554344,1,1.4384828770360067,-1.2681574159889444,-0.7340648276314544,1.1730705888058424,-1.434464307945125,-0.10911672679705034,0.09714075127142209,-0.40228806716369847,-0.06404469317237681,-0.5706570737796186,1.0961626484344056,-0.4102307773455109,-0.16012815380508655,0.3333333333333333,4.167197161697064,-1.2985683397111147,0.028409549486356704,-0.11581371547232726,-1.6115287251583046,0.3921215670670224,-1.037297624321153,-0.06404469317237681,-0.5706570737796186,1.0961626484344056,-0.4102307773455109,-0.16012815380508655,0.0,4.168141301554344,-1.7753622981005974,1.2163613655402477,-1.5468511992582559,-0.22623288369987216,0.01459350585878725,-0.5036226012102604,-0.21279783302658242,-0.5884036607684392,2.03509446187021,-0.5054726909218822,-0.16012815380508655,0.3333333333333333,4.333418765020446,0.1772674395362971,-1.0854357784301372,-1.0854357784301372,0.1772674395362971,0.0,-1.0854357784301372,0.0,1,-0.8515191134184126,-1.0565804593087236,-0.28108228873506413,-0.7554459501696308,0.0,-1.2985683397111147
17,0.5283975044412497,-0.6846510260076694,0.0,0.0,-1.8059485509500788,87596,0.028409549486356704,-1.1452689641152378,0,2.8030058599136023,1.658737801866314,0.4193330821723821,1.291071852450971,1.1882952777163887,0,-0.9474592966767332,0.9606703975856521,2.03763021192379,2.1655896225167526,1.0815175039108922,6.244997998398398,1,0.0,-0.12985938152437584,1,0.8946330180431875,-0.45218481588881926,1.0329157717620707,1.0125720470075243,0.7724789274272271,2.9839210027481684,2.342202881990585,0.5609120281004507,0.9606703975856521,2.03763021192379,2.1655896225167526,1.0815175039108922,6.244997998398398,0.3333333333333333,-0.12976438458513603,1.1882952777163887,0.028409549486356704,-1.1452689641152378,2.8030058599136023,1.658737801866314,0.4193330821723821,0.9606703975856521,2.03763021192379,2.1655896225167526,1.0815175039108922,6.244997998398398,0.0,-0.12985938152437584,2.3853860187247924,1.0472900893207582,0.9279269985012419,3.833195247948742,4.337412036745458,0.9416750281588327,2.154651068714723,2.234984764522153,4.034024078699107,1.194346977664978,6.244997998398398,0.3333333333333333,-0.17706310512626663,0.5786276799958379,-1.0638099618251868,-1.0638099618251868,0.5786276799958379,0.0,-1.0638099618251868,0.0,1,-0.8515191134184126,-1.0565804593087236,-0.28108228873506413,1.118528499863562,0.0,1.1882952777163887
31,1.2489395559520446,0.7103053970056152,0.0,0.0,-2.0206229700823317,6764,-1.1079724299679155,-0.11581371547232726,1,-0.5829613326885839,0.3309720049513074,0.2427717844155898,-0.9301270334861835,-0.11508400632450361,0,0.720742625189562,-0.5764022385513913,2.339166314317248,0.026735674352058578,2.5732657851672953,-0.16012815380508655,1,0.0,-0.3410598738603675,1,-1.2807664179280893,-0.8601711159388818,0.09716924811059878,0.30587837026751075,-0.6933695618287277,0.5652965181966282,-0.5047076044055439,0.2805627280235678,-0.5764022385513913,2.339166314317248,0.026735674352058578,2.5732657851672953,-0.16012815380508655,-3.0,-0.3408876153529393,-0.11508400632450361,-1.1079724299679155,-0.11581371547232726,-0.5829613326885839,0.3309720049513074,0.2427717844155898,-0.5764022385513913,2.339166314317248,0.026735674352058578,2.5732657851672953,-0.16012815380508655,0.0,-0.3410598738603675,0.18196297344948356,0.30284966958898624,-0.7158170834879274,0.6588944048981583,-1.14425247399419,0.5210062794859165,-1.396522283897235,2.561388050682915,0.036164845041312434,2.8941666462518385,-0.16012815380508655,-3.0,-0.3986772607309158,-0.09030605410339677,-1.0998529895001041,-1.0998529895001041,-0.09030605410339677,0.0,-1.0998529895001041,0.0,1,1.690328986338043,1.6877843700645845,-0.2980336294644859,-0.28695233766133255,0.0,-0.11508400632450361
40,2.2096622912997708,0.7744413245004789,0.0,0.0,-0.906999420833769,59364,1.164791528940629,-0.11581371547232726,0,1.1930742890914305,1.0651396135235198,-0.48554356883117766,-0.5599272191633244,-0.8355697536738362,0,-0.8867455164890494,-0.06404469317237681,0.4696424794778103,0.026735674352058578,-0.4102307773455109,-0.16012815380508655,0,0.0,-0.3410598738603675,1,-0.19306669994245085,0.9077695176113894,-0.8736844544549687,1.2045608090320945,-0.5045780204921131,1.051513237294421,0.5353193128813195,-0.48955312579524624,-0.06404469317237681,0.4696424794778103,0.026735674352058578,-0.4102307773455109,-0.16012815380508655,0.3333333333333333,-0.3408876153529393,-0.8355697536738362,1.164791528940629,-0.11581371547232726,1.1930742890914305,1.0651396135235198,-0.48554356883117766,-0.06404469317237681,0.4696424794778103,0.026735674352058578,-0.4102307773455109,-0.16012815380508655,0.0,-0.3410598738603675,-2.1041277228602775,1.2495335779630588,-0.5041137723502322,1.2970249419846496,0.8582968404109457,-0.634565260982675,-0.21279783302658242,0.5376876764861901,0.036164845041312434,-0.5054726909218822,-0.16012815380508655,0.3333333333333333,-0.3986772607309158,0.7124144268156849,-1.0566013562902032,-1.0566013562902032,0.7124144268156849,0.0,-1.0566013562902032,0.0,1,-0.8515191134184126,-1.0565804593087236,-0.28108228873506413,1.3527753061177112,0.0,-0.8355697536738362
42,0.04803613676738637,-1.149636500345431,0.0,0.0,-0.8801651184422374,24416,-1.1079724299679155,-3.718907085722514,0,-1.170714128385567,0.32183685695231334,0.23173670330579055,-0.9301270334861835,-0.4553178157609886,0,-1.0181623099294848,-0.5764022385513913,0.4244120641187916,0.026735674352058578,-0.4102307773455109,-0.16012815380508655,1,0.0,-0.3140132727653475,0,-1.1719964461295254,-0.724175682588861,-0.44447783144620395,-1.9816769284059754,-0.6694907898019614,-1.2181119840111319,-0.13808658473090807,0.07539735167254444,-0.5764022385513913,0.4244120641187916,0.026735674352058578,-0.4102307773455109,-0.16012815380508655,0.3333333333333333,-0.3130842780172572,-0.4553178157609886,-1.1079724299679155,-3.718907085722514,-1.170714128385567,0.32183685695231334,0.23173670330579055,-0.5764022385513913,0.4244120641187916,0.026735674352058578,-0.4102307773455109,-0.16012815380508655,0.0,-0.3140132727653475,-0.8469062347031914,-2.3496514699119526,-0.8630889521054536,-1.4115041936904829,-0.43833163733814123,-2.4661129501928567,-1.396522283897235,0.07052297316859932,0.036164845041312434,-0.5054726909218822,-0.16012815380508655,0.3333333333333333,-0.2744765495042722,-2.097107256401101,-1.171939044849939,-1.171939044849939,-2.097107256401101,0.0,-1.171939044849939,0.0,1,-0.8515191134184126,-1.0565804593087236,-0.28108228873506413,1.3527753061177112,0.0,-0.4553178157609886
42,0.04803613676738637,-1.149636500345431,0.0,0.0,-0.8801651184422374,48834,-1.1079724299679155,-0.11581371547232726,0,-1.170714128385567,0.368071891722732,0.23173670330579055,-1.0226769870668984,-0.6004034608346537,0,-1.0181623099294848,-0.5764022385513913,0.4244120641187916,0.026735674352058578,-0.4102307773455109,-0.16012815380508655,1,0.0,-0.3134013367376993,0,-0.9544565025323978,-0.9961665492889027,-0.44447783144620395,-1.9816769284059754,-0.6694907898019614,-1.2181119840111319,-0.13808658473090807,0.07539735167254444,-0.5764022385513913,0.4244120641187916,0.026735674352058578,-0.4102307773455109,-0.16012815380508655,0.3333333333333333,-0.3130842780172572,-0.6004034608346537,-1.1079724299679155,-0.11581371547232726,-1.170714128385567,0.368071891722732,0.23173670330579055,-0.5764022385513913,0.4244120641187916,0.026735674352058578,-0.4102307773455109,-0.16012815380508655,0.0,-0.3134013367376993,-0.8469062347031914,-2.3496514699119526,-0.8630889521054536,-1.4115041936904829,-0.43833163733814123,-2.4661129501928567,-1.396522283897235,0.07052297316859932,0.036164845041312434,-0.5054726909218822,-0.16012815380508655,0.3333333333333333,-0.2744765495042722,-2.097107256401101,-1.171939044849939,-1.171939044849939,-2.097107256401101,0.0,-1.171939044849939,0.0,1,-0.8515191134184126,-1.0565804593087236,-0.28108228873506413,1.3527753061177112,0.0,-0.6004034608346537
43,-1.032776940498806,0.758407342626763,0.0,0.0,0.7164758738538947,79537,1.164791528940629,0.39891390884912803,1,0.777814161696823,-1.5609357887995332,0.6179645421487728,2.0314714810966894,-0.007146663780689079,1,0.1917024636396163,-0.5764022385513913,-0.7214251249763475,0.026735674352058578,-0.4102307773455109,-0.16012815380508655,0,0.0,-0.28516971666850344,1,1.1121729616403153,1.0437649509614102,-0.2675110355038671,-0.11802844047050051,-0.29116149550289727,0.3033750488732064,0.49846882411482546,0.22170683318905707,-0.5764022385513913,-0.7214251249763475,0.026735674352058578,-0.4102307773455109,-0.16012815380508655,0.3333333333333333,-0.2848484239695809,-0.007146663780689079,1.164791528940629,0.39891390884912803,0.777814161696823,-1.5609357887995332,0.6179645421487728,-0.5764022385513913,-0.7214251249763475,0.026735674352058578,-0.4102307773455109,-0.16012815380508655,0.0,-0.28516971666850344,0.6043967697725819,0.12517016742145937,0.6735767296537387,-0.30688341553232074,-0.21620453865979572,0.47679573237697104,0.2817186316463546,-0.5481400975084769,-0.029589418670164555,-0.2818122082130848,-0.16012815380508655,0.3333333333333333,-0.14230086682200482,0.7124144268156849,0.9041393492253029,0.9041393492253029,0.7124144268156849,0.0,0.9041393492253029,0.0,1,-0.8515191134184126,1.6877843700645845,-0.5556940085516976,-1.223939562677929,0.0,-0.007146663780689079
30,1.2489395559520446,0.7103053970056152,0.0,0.0,0.7164758738538947,19567,1.164791528940629,0.9136415331705833,1,0.6244873454280447,0.33749711066487453,1.3462798953955404,1.1985218988702562,2.6417026848499394,1,0.8731757271565033,3.5224581244807243,-0.6912715147370017,0.026735674352058578,-0.4102307773455109,-0.16012815380508655,0,0.0,-0.3410598738603675,0,-0.7369165589352701,1.7237421177115146,0.7419413622772688,0.543266184280797,0.272867891968602,1.2530973693968968,0.7836794924547126,0.8473768876367187,3.5224581244807243,-0.6912715147370017,0.026735674352058578,-0.4102307773455109,-0.16012815380508655,0.3333333333333333,-0.3408876153529393,2.6417026848499394,1.164791528940629,0.9136415331705833,0.6244873454280447,0.33749711066487453,1.3462798953955404,3.5224581244807243,-0.6912715147370017,0.026735674352058578,-0.4102307773455109,-0.16012815380508655,0.0,-0.3410598738603675,0.6043967697725819,0.12517016742145937,0.6735767296537387,-0.30688341553232074,-0.21620453865979572,0.47679573237697104,0.2817186316463546,-0.5481400975084769,-0.029589418670164555,-0.2818122082130848,-0.16012815380508655,0.3333333333333333,-0.14230086682200482,0.1772674395362971,0.9041393492253029,0.9041393492253029,0.1772674395362971,0.0,0.9041393492253029,0.0,0,1.181959366386752,1.1389114041899229,-0.29125309317271725,-0.9896927564237799,0.0,2.6417026848499394
31,1.2489395559520446,0.7103053970056152,0.0,0.0,-2.0206229700823317,23462,1.164791528940629,-0.11581371547232726,0,1.2441832278476899,-1.5609357887995332,0.32001735218418664,0.9208720381281119,1.0492681540853601,0,0.720742625189562,-0.5764022385513913,2.339166314317248,0.026735674352058578,2.5732657851672953,-0.16012815380508655,1,0.0,-0.3410598738603675,1,-0.8456865307338339,1.3157558176614519,0.09716924811059878,0.30587837026751075,-0.6933695618287277,0.5652965181966282,-0.5047076044055439,0.2805627280235678,-0.5764022385513913,2.339166314317248,0.026735674352058578,2.5732657851672953,-0.16012815380508655,-3.0,-0.3408876153529393,1.0492681540853601,1.164791528940629,-0.11581371547232726,1.2441832278476899,-1.5609357887995332,0.32001735218418664,-0.5764022385513913,2.339166314317248,0.026735674352058578,2.5732657851672953,-0.16012815380508655,0.0,-0.3410598738603675,0.18196297344948356,0.30284966958898624,-0.7158170834879274,0.6588944048981583,-1.14425247399419,0.5210062794859165,-1.396522283897235,2.561388050682915,0.036164845041312434,2.8941666462518385,-0.16012815380508655,-3.0,-0.3986772607309158,-0.09030605410339677,-1.0998529895001041,-1.0998529895001041,-0.09030605410339677,0.0,-1.0998529895001041,0.0,0,1.181959366386752,0.04116547244059972,0.3596783908370806,-0.28695233766133255,0.0,1.0492681540853601
4,-1.032776940498806,0.758407342626763,0.0,0.0,0.7164758738538947,58696,-3.38073638887646,0.9136415331705833,0,-0.5829613326885839,0.45681332942724523,0.7724556776859656,1.3836218060316858,1.7625793365684128,0,-0.12976921863619675,-0.06404469317237681,-0.19373694578779657,-1.0426912997302884,-0.4102307773455109,-0.16012815380508655,1,0.0,-0.22551566724308933,1,-0.3018366717410147,0.3637877842113059,1.411394440831025,0.2677267573010897,0.6692128669485742,-0.15324801439949107,0.3292804344472912,0.8820316379751012,-0.06404469317237681,-0.19373694578779657,-1.0426912997302884,-0.4102307773455109,-0.16012815380508655,0.3333333333333333,-0.22502748389929889,1.7625793365684128,-3.38073638887646,0.9136415331705833,-0.5829613326885839,0.45681332942724523,0.7724556776859656,-0.06404469317237681,-0.19373694578779657,-1.0426912997302884,-0.4102307773455109,-0.16012815380508655,0.0,-0.22551566724308933,0.6043967697725819,0.12517016742145937,0.6735767296537387,-0.30688341553232074,-0.21620453865979572,0.47679573237697104,0.2817186316463546,-0.5481400975084769,-0.029589418670164555,-0.2818122082130848,-0.16012815380508655,0.3333333333333333,-0.14230086682200482,0.7124144268156849,0.9041393492253029,0.9041393492253029,0.7124144268156849,0.0,0.9041393492253029,0.0,0,-0.8515191134184126,-1.0565804593087236,-0.28108228873506413,1.3527753061177112,0.0,1.7625793365684128
11,-1.032776940498806,0.758407342626763,0.0,0.0,0.7164758738538947,114096,0.028409549486356704,0.39891390884912803,1,-0.5829613326885839,-1.5609357887995332,0.32001735218418664,1.8463715739352597,-0.7405466278893259,0,-0.12691515204617743,-0.5764022385513913,-0.29927458162550674,0.026735674352058578,-0.4102307773455109,-0.16012815380508655,1,0.0,-0.2006059856096977,1,1.6560228206331344,-0.18019394918877754,-0.6263769911200905,-0.2716625452107006,0.8481378323435734,-0.8055260314573878,0.15566443426506335,-0.15095150012106465,-0.5764022385513913,-0.29927458162550674,0.026735674352058578,-0.4102307773455109,-0.16012815380508655,0.3333333333333333,-0.20263925874044983,-0.7405466278893259,0.028409549486356704,0.39891390884912803,-0.5829613326885839,-1.5609357887995332,0.32001735218418664,-0.5764022385513913,-0.29927458162550674,0.026735674352058578,-0.4102307773455109,-0.16012815380508655,0.0,-0.2006059856096977,0.6043967697725819,0.12517016742145937,0.6735767296537387,-0.30688341553232074,-0.21620453865979572,0.47679573237697104,0.2817186316463546,-0.5481400975084769,-0.029589418670164555,-0.2818122082130848,-0.16012815380508655,0.3333333333333333,-0.14230086682200482,0.8462011736355318,0.9041393492253029,0.9041393492253029,0.8462011736355318,0.0,0.9041393492253029,0.0,0,1.690328986338043,1.1389114041899229,2.6311580485796044,-0.9896927564237799,0.0,-0.7405466278893259
31,1.2489395559520446,0.7103053970056152,0.0,0.0,-2.0206229700823317,47153,1.164791528940629,-1.1452689641152378,0,-0.07826056247052227,-1.5609357887995332,0.5296838932703767,0.45812227022453805,0.8353066862954059,0,0.720742625189562,-0.5764022385513913,2.339166314317248,0.026735674352058578,2.5732657851672953,-0.16012815380508655,1,0.0,-0.3410598738603675,1,-0.6281465871367062,0.7717740842613685,0.09716924811059878,0.30587837026751075,-0.6933695618287277,0.5652965181966282,-0.5047076044055439,0.2805627280235678,-0.5764022385513913,2.339166314317248,0.026735674352058578,2.5732657851672953,-0.16012815380508655,-3.0,-0.3408876153529393,0.8353066862954059,1.164791528940629,-1.1452689641152378,-0.07826056247052227,-1.5609357887995332,0.5296838932703767,-0.5764022385513913,2.339166314317248,0.026735674352058578,2.5732657851672953,-0.16012815380508655,0.0,-0.3410598738603675,0.18196297344948356,0.30284966958898624,-0.7158170834879274,0.6588944048981583,-1.14425247399419,0.5210062794859165,-1.396522283897235,2.561388050682915,0.036164845041312434,2.8941666462518385,-0.16012815380508655,-3.0,-0.3986772607309158,-0.09030605410339677,-1.0998529895001041,-1.0998529895001041,-0.09030605410339677,0.0,-1.0998529895001041,0.0,0,1.181959366386752,1.1389114041899229,5.0992732587834215,-0.28695233766133255,0.0,0.8353066862954059
1,-0.19214454706954526,0.24531992266785368,0.0,0.0,0.7164758738538947,29604,1.164791528940629,-0.11581371547232726,1,0.07506625379825611,0.5347417348064186,0.26484194663518834,-0.9301270334861835,0.5601222649798611,0,1.2528963139286198,-0.5764022385513913,-0.8872699812927491,2.1655896225167526,-0.4102307773455109,-0.16012815380508655,1,0.0,-0.3410598738603675,1,-0.9544565025323978,0.7717740842613685,0.30580879653322046,0.2283639820182747,-0.2962428413359737,-0.3030457652753816,-0.38910023162594826,0.07303690726608443,-0.5764022385513913,-0.8872699812927491,2.1655896225167526,-0.4102307773455109,-0.16012815380508655,0.3333333333333333,-0.3408876153529393,0.5601222649798611,1.164791528940629,-0.11581371547232726,0.07506625379825611,0.5347417348064186,0.26484194663518834,-0.5764022385513913,-0.8872699812927491,2.1655896225167526,-0.4102307773455109,-0.16012815380508655,0.0,-0.3410598738603675,0.6043967697725819,0.12517016742145937,0.6735767296537387,-0.30688341553232074,-0.21620453865979572,0.47679573237697104,0.2817186316463546,-0.5481400975084769,-0.029589418670164555,-0.2818122082130848,-0.16012815380508655,0.3333333333333333,-0.14230086682200482,0.1772674395362971,0.9041393492253029,0.9041393492253029,0.1772674395362971,0.0,0.9041393492253029,0.0,0,1.181959366386752,1.1389114041899229,-0.29125309317271725,-0.5211991439154816,0.0,0.5601222649798611
25,-1.032776940498806,0.758407342626763,0.0,0.0,0.7164758738538947,66171,0.028409549486356704,0.39891390884912803,1,-0.2826963174955598,0.33712424748124215,-0.3089822710743854,-0.745027126324754,-0.6927161954474582,0,-1.2782715605198822,-0.5764022385513913,-0.8872699812927491,0.026735674352058578,-0.4102307773455109,-0.16012815380508655,0,0.0,0.03160431034221372,0,0.2420131872518045,1.7237421177115146,-0.7750675059452946,-0.057910747311291505,0.57220535558984,-0.4273592514794398,-0.24107350664594454,-0.3158272728561266,-0.5764022385513913,-0.8872699812927491,0.026735674352058578,-0.4102307773455109,-0.16012815380508655,0.3333333333333333,0.03173834182253494,-0.6927161954474582,0.028409549486356704,0.39891390884912803,-0.2826963174955598,0.33712424748124215,-0.3089822710743854,-0.5764022385513913,-0.8872699812927491,0.026735674352058578,-0.4102307773455109,-0.16012815380508655,0.0,0.03160431034221372,0.6043967697725819,0.12517016742145937,0.6735767296537387,-0.30688341553232074,-0.21620453865979572,0.47679573237697104,0.2817186316463546,-0.5481400975084769,-0.029589418670164555,-0.2818122082130848,-0.16012815380508655,0.3333333333333333,-0.14230086682200482,0.8462011736355318,0.9041393492253029,0.9041393492253029,0.8462011736355318,0.0,0.9041393492253029,0.0,0,0.1652201264841697,0.5900384383152614,-0.35227791979863576,1.3527753061177112,0.0,-0.6927161954474582
11,-1.032776940498806,0.758407342626763,0.0,0.0,0.7164758738538947,38443,0.028409549486356704,0.39891390884912803,1,-0.07826056247052227,-1.5609357887995332,-0.12138589220779393,0.3655723166438233,-0.772433582850571,0,-0.12691515204617743,-0.5764022385513913,-0.29927458162550674,0.026735674352058578,-0.4102307773455109,-0.16012815380508655,1,0.0,-0.20244179369264212,1,-0.19306669994245085,-0.45218481588881926,-0.6263769911200905,-0.2716625452107006,0.8481378323435734,-0.8055260314573878,0.15566443426506335,-0.15095150012106465,-0.5764022385513913,-0.29927458162550674,0.026735674352058578,-0.4102307773455109,-0.16012815380508655,0.3333333333333333,-0.20263925874044983,-0.772433582850571,0.028409549486356704,0.39891390884912803,-0.07826056247052227,-1.5609357887995332,-0.12138589220779393,-0.5764022385513913,-0.29927458162550674,0.026735674352058578,-0.4102307773455109,-0.16012815380508655,0.0,-0.20244179369264212,0.6043967697725819,0.12517016742145937,0.6735767296537387,-0.30688341553232074,-0.21620453865979572,0.47679573237697104,0.2817186316463546,-0.5481400975084769,-0.029589418670164555,-0.2818122082130848,-0.16012815380508655,0.3333333333333333,-0.14230086682200482,0.8462011736355318,0.9041393492253029,0.9041393492253029,0.8462011736355318,0.0,0.9041393492253029,0.0,0,-0.8515191134184126,1.1389114041899229,-0.6167188351776162,-0.9896927564237799,0.0,-0.772433582850571
36,1.0087588721151128,-1.2779083553351582,0.0,0.0,0.7164758738538947,131053,1.164791528940629,0.9136415331705833,1,-0.7235109142682974,0.38578289294527146,0.5076137310507781,1.1059719452895416,2.0978706679859047,0,-1.410596466057142,-0.06404469317237681,-0.7214251249763475,-1.0426912997302884,-0.4102307773455109,-0.16012815380508655,0,0.0,-0.3410598738603675,0,1.1121729616403153,2.267723851111598,-0.15469946332078127,-0.028222997603040156,1.514974651165096,-1.0206520283666147,-0.3716899838280913,0.13647561326764532,-0.06404469317237681,-0.7214251249763475,-1.0426912997302884,-0.4102307773455109,-0.16012815380508655,0.3333333333333333,-0.3408876153529393,2.0978706679859047,1.164791528940629,0.9136415331705833,-0.7235109142682974,0.38578289294527146,0.5076137310507781,-0.06404469317237681,-0.7214251249763475,-1.0426912997302884,-0.4102307773455109,-0.16012815380508655,0.0,-0.3410598738603675,0.6043967697725819,0.12517016742145937,0.6735767296537387,-0.30688341553232074,-0.21620453865979572,0.47679573237697104,0.2817186316463546,-0.5481400975084769,-0.029589418670164555,-0.2818122082130848,-0.16012815380508655,0.3333333333333333,-0.14230086682200482,0.04348069271645016,0.9041393492253029,0.9041393492253029,0.04348069271645016,0.0,0.9041393492253029,0.0,0,-0.3431494934671214,-0.5077074934340619,-0.282535260797586,-0.5211991439154816,0.0,2.0978706679859047
21,0.16812647868585218,-1.8711656846626472,0.0,0.0,0.6762244202665972,48813,0.028409549486356704,-3.718907085722514,0,0.7586483096632256,-1.5609357887995332,-0.8165960021251626,1.5687217131931153,-1.1372203476072147,0,0.5932177407355167,0.9606703975856521,0.04749193612696956,-1.0426912997302884,-0.4102307773455109,-0.16012815380508655,0,0.0,-0.3410598738603675,0,0.13324321545324067,-0.8601711159388818,-0.6436099132453041,-0.08002300226640292,-1.982548782630074,0.801462638574239,1.1341471908672645,-0.07781360717698076,0.9606703975856521,0.04749193612696956,-1.0426912997302884,-0.4102307773455109,-0.16012815380508655,0.3333333333333333,-0.3408876153529393,-1.1372203476072147,0.028409549486356704,-3.718907085722514,0.7586483096632256,-1.5609357887995332,-0.8165960021251626,0.9606703975856521,0.04749193612696956,-1.0426912997302884,-0.4102307773455109,-0.16012815380508655,0.0,-0.3410598738603675,-1.5623661096252195,-0.10366391500885885,-2.1614512880783616,0.9688483972615647,2.0113269558581153,-0.016743322319604688,2.154651068714723,0.08072307586112314,-1.9627647717875851,-0.5054726909218822,-0.16012815380508655,0.3333333333333333,-0.3986772607309158,0.311054186356144,-1.0782271728951538,-1.0782271728951538,0.311054186356144,0.0,-1.0782271728951538,0.0,0,-0.8515191134184126,-1.0565804593087236,-0.28108228873506413,-0.9896927564237799,0.0,-1.1372203476072147
40,2.2096622912997708,0.7744413245004789,0.0,0.0,-0.906999420833769,105819,0.028409549486356704,0.39891390884912803,0,1.1036336462679768,0.7927630578800453,-0.7724556776859646,0.6432221773859677,-1.1995593445564487,0,-0.8867455164890494,-0.06404469317237681,0.4696424794778103,0.026735674352058578,-0.4102307773455109,-0.16012815380508655,0,0.0,-0.3410598738603675,1,1.5472528488345705,-0.724175682588861,-0.8736844544549687,1.2045608090320945,-0.5045780204921131,1.051513237294421,0.5353193128813195,-0.48955312579524624,-0.06404469317237681,0.4696424794778103,0.026735674352058578,-0.4102307773455109,-0.16012815380508655,0.3333333333333333,-0.3408876153529393,-1.1995593445564487,0.028409549486356704,0.39891390884912803,1.1036336462679768,0.7927630578800453,-0.7724556776859646,-0.06404469317237681,0.4696424794778103,0.026735674352058578,-0.4102307773455109,-0.16012815380508655,0.0,-0.3410598738603675,-2.1041277228602775,1.2495335779630588,-0.5041137723502322,1.2970249419846496,0.8582968404109457,-0.634565260982675,-0.21279783302658242,0.5376876764861901,0.036164845041312434,-0.5054726909218822,-0.16012815380508655,0.3333333333333333,-0.3986772607309158,0.7124144268156849,-1.0566013562902032,-1.0566013562902032,0.7124144268156849,0.0,-1.0566013562902032,0.0,0,-0.8515191134184126,-1.0565804593087236,-0.28108228873506413,1.3527753061177112,0.0,-1.1995593445564487
25,-1.032776940498806,0.758407342626763,0.0,0.0,0.7164758738538947,83281,-1.1079724299679155,-0.11581371547232726,1,-0.2826963174955598,0.4068496628205025,-0.3531225955135835,-0.18972740484046535,-1.011585745059909,0,-1.2782715605198822,-0.5764022385513913,-0.8872699812927491,0.026735674352058578,-0.4102307773455109,-0.16012815380508655,0,0.0,0.032099687126500305,0,0.8946330180431875,0.09179691751126418,-0.7750675059452946,-0.057910747311291505,0.57220535558984,-0.4273592514794398,-0.24107350664594454,-0.3158272728561266,-0.5764022385513913,-0.8872699812927491,0.026735674352058578,-0.4102307773455109,-0.16012815380508655,0.3333333333333333,0.03173834182253494,-1.011585745059909,-1.1079724299679155,-0.11581371547232726,-0.2826963174955598,0.4068496628205025,-0.3531225955135835,-0.5764022385513913,-0.8872699812927491,0.026735674352058578,-0.4102307773455109,-0.16012815380508655,0.0,0.032099687126500305,0.6043967697725819,0.12517016742145937,0.6735767296537387,-0.30688341553232074,-0.21620453865979572,0.47679573237697104,0.2817186316463546,-0.5481400975084769,-0.029589418670164555,-0.2818122082130848,-0.16012815380508655,0.3333333333333333,-0.14230086682200482,0.8462011736355318,0.9041393492253029,0.9041393492253029,0.8462011736355318,0.0,0.9041393492253029,0.0,0,1.690328986338043,1.1389114041899229,0.027432112540412983,1.3527753061177112,0.0,-1.011585745059909
42,0.04803613676738637,-1.149636500345431,0.0,0.0,-0.8801651184422374,78743,-1.1079724299679155,-0.11581371547232726,1,-0.7235109142682974,0.42754356951210115,-0.3531225955135835,-0.5599272191633244,-0.6004034608346537,0,-1.0181623099294848,-0.5764022385513913,0.4244120641187916,0.026735674352058578,-0.4102307773455109,-0.16012815380508655,1,0.0,-0.313377053561999,0,-0.41060664353957854,-0.8601711159388818,-0.44447783144620395,-1.9816769284059754,-0.6694907898019614,-1.2181119840111319,-0.13808658473090807,0.07539735167254444,-0.5764022385513913,0.4244120641187916,0.026735674352058578,-0.4102307773455109,-0.16012815380508655,0.3333333333333333,-0.3130842780172572,-0.6004034608346537,-1.1079724299679155,-0.11581371547232726,-0.7235109142682974,0.42754356951210115,-0.3531225955135835,-0.5764022385513913,0.4244120641187916,0.026735674352058578,-0.4102307773455109,-0.16012815380508655,0.0,-0.313377053561999,-0.8469062347031914,-2.3496514699119526,-0.8630889521054536,-1.4115041936904829,-0.43833163733814123,-2.4661129501928567,-1.396522283897235,0.07052297316859932,0.036164845041312434,-0.5054726909218822,-0.16012815380508655,0.3333333333333333,-0.2744765495042722,-2.097107256401101,-1.171939044849939,-1.171939044849939,-2.097107256401101,0.0,-1.171939044849939,0.0,0,-0.8515191134184126,-1.0565804593087236,-0.28108228873506413,1.3527753061177112,0.0,-0.6004034608346537
31,1.2489395559520446,0.7103053970056152,0.0,0.0,-2.0206229700823317,101799,0.028409549486356704,0.9136415331705833,0,-0.9087808172597376,0.3074816243824657,0.17656129775679225,-0.745027126324754,0.03685733406582921,0,0.720742625189562,-0.5764022385513913,2.339166314317248,0.026735674352058578,2.5732657851672953,-0.16012815380508655,1,0.0,-0.3410598738603675,1,0.2420131872518045,-0.724175682588861,0.09716924811059878,0.30587837026751075,-0.6933695618287277,0.5652965181966282,-0.5047076044055439,0.2805627280235678,-0.5764022385513913,2.339166314317248,0.026735674352058578,2.5732657851672953,-0.16012815380508655,-3.0,-0.3408876153529393,0.03685733406582921,0.028409549486356704,0.9136415331705833,-0.9087808172597376,0.3074816243824657,0.17656129775679225,-0.5764022385513913,2.339166314317248,0.026735674352058578,2.5732657851672953,-0.16012815380508655,0.0,-0.3410598738603675,0.18196297344948356,0.30284966958898624,-0.7158170834879274,0.6588944048981583,-1.14425247399419,0.5210062794859165,-1.396522283897235,2.561388050682915,0.036164845041312434,2.8941666462518385,-0.16012815380508655,-3.0,-0.3986772607309158,-0.09030605410339677,-1.0998529895001041,-1.0998529895001041,-0.09030605410339677,0.0,-1.0998529895001041,0.0,0,-0.3431494934671214,0.5900384383152614,-0.282535260797586,-0.28695233766133255,0.0,0.03685733406582921
4,-1.032776940498806,0.758407342626763,0.0,0.0,0.7164758738538947,125069,0.028409549486356704,0.39891390884912803,1,-0.5829613326885839,0.48403234183241106,0.6510697854781716,-1.2077768942283278,0.8059706877310604,1,-0.12976921863619675,-0.06404469317237681,-0.19373694578779657,-1.0426912997302884,-0.4102307773455109,-0.16012815380508655,1,0.0,-0.22551566724308933,1,1.4384828770360067,-0.45218481588881926,1.411394440831025,0.2677267573010897,0.6692128669485742,-0.15324801439949107,0.3292804344472912,0.8820316379751012,-0.06404469317237681,-0.19373694578779657,-1.0426912997302884,-0.4102307773455109,-0.16012815380508655,0.3333333333333333,-0.22502748389929889,0.8059706877310604,0.028409549486356704,0.39891390884912803,-0.5829613326885839,0.48403234183241106,0.6510697854781716,-0.06404469317237681,-0.19373694578779657,-1.0426912997302884,-0.4102307773455109,-0.16012815380508655,0.0,-0.22551566724308933,0.6043967697725819,0.12517016742145937,0.6735767296537387,-0.30688341553232074,-0.21620453865979572,0.47679573237697104,0.2817186316463546,-0.5481400975084769,-0.029589418670164555,-0.2818122082130848,-0.16012815380508655,0.3333333333333333,-0.14230086682200482,0.7124144268156849,0.9041393492253029,0.9041393492253029,0.7124144268156849,0.0,0.9041393492253029,0.0,0,-0.8515191134184126,-1.0565804593087236,-0.28108228873506413,1.3527753061177112,0.0,0.8059706877310604
36,1.0087588721151128,-1.2779083553351582,0.0,0.0,0.7164758738538947,94354,0.028409549486356704,0.9136415331705833,1,-1.6115287251583046,0.34010715295030136,0.4634734066115801,-0.09717745125975058,0.6967578669887962,0,-1.410596466057142,-0.06404469317237681,-0.7214251249763475,-1.0426912997302884,-0.4102307773455109,-0.16012815380508655,0,0.0,-0.3410598738603675,0,0.568323102647496,1.4517512510114727,-0.15469946332078127,-0.028222997603040156,1.514974651165096,-1.0206520283666147,-0.3716899838280913,0.13647561326764532,-0.06404469317237681,-0.7214251249763475,-1.0426912997302884,-0.4102307773455109,-0.16012815380508655,0.3333333333333333,-0.3408876153529393,0.6967578669887962,0.028409549486356704,0.9136415331705833,-1.6115287251583046,0.34010715295030136,0.4634734066115801,-0.06404469317237681,-0.7214251249763475,-1.0426912997302884,-0.4102307773455109,-0.16012815380508655,0.0,-0.3410598738603675,0.6043967697725819,0.12517016742145937,0.6735767296537387,-0.30688341553232074,-0.21620453865979572,0.47679573237697104,0.2817186316463546,-0.5481400975084769,-0.029589418670164555,-0.2818122082130848,-0.16012815380508655,0.3333333333333333,-0.14230086682200482,0.04348069271645016,0.9041393492253029,0.9041393492253029,0.04348069271645016,0.0,0.9041393492253029,0.0,0,-0.8515191134184126,-1.0565804593087236,-0.28108228873506413,-0.5211991439154816,0.0,0.6967578669887962
21,0.16812647868585218,-1.8711656846626472,0.0,0.0,0.6762244202665972,48069,0.028409549486356704,0.9136415331705833,0,0.4711605291592663,-1.5609357887995332,-0.1875963788665915,0.6432221773859677,-0.6195356338114008,1,0.5932177407355167,0.9606703975856521,0.04749193612696956,-1.0426912997302884,-0.4102307773455109,-0.16012815380508655,0,0.0,-0.3410598738603675,0,0.024473243654676825,0.3637877842113059,-0.6436099132453041,-0.08002300226640292,-1.982548782630074,0.801462638574239,1.1341471908672645,-0.07781360717698076,0.9606703975856521,0.04749193612696956,-1.0426912997302884,-0.4102307773455109,-0.16012815380508655,0.3333333333333333,-0.3408876153529393,-0.6195356338114008,0.028409549486356704,0.9136415331705833,0.4711605291592663,-1.5609357887995332,-0.1875963788665915,0.9606703975856521,0.04749193612696956,-1.0426912997302884,-0.4102307773455109,-0.16012815380508655,0.0,-0.3410598738603675,-1.5623661096252195,-0.10366391500885885,-2.1614512880783616,0.9688483972615647,2.0113269558581153,-0.016743322319604688,2.154651068714723,0.08072307586112314,-1.9627647717875851,-0.5054726909218822,-0.16012815380508655,0.3333333333333333,-0.3986772607309158,0.311054186356144,-1.0782271728951538,-1.0782271728951538,0.311054186356144,0.0,-1.0782271728951538,0.0,0,-0.8515191134184126,-1.0565804593087236,-0.28108228873506413,-0.9896927564237799,0.0,-0.6195356338114008
11,-1.032776940498806,0.758407342626763,0.0,0.0,0.7164758738538947,100969,1.164791528940629,0.9136415331705833,0,-0.7235109142682974,-1.5609357887995332,0.32001735218418664,0.18047240948239374,-0.3100727359125173,1,-0.12691515204617743,-0.5764022385513913,-0.29927458162550674,0.026735674352058578,-0.4102307773455109,-0.16012815380508655,1,0.0,-0.20081482092072048,1,1.4384828770360067,2.267723851111598,-0.6263769911200905,-0.2716625452107006,0.8481378323435734,-0.8055260314573878,0.15566443426506335,-0.15095150012106465,-0.5764022385513913,-0.29927458162550674,0.026735674352058578,-0.4102307773455109,-0.16012815380508655,0.3333333333333333,-0.20263925874044983,-0.3100727359125173,1.164791528940629,0.9136415331705833,-0.7235109142682974,-1.5609357887995332,0.32001735218418664,-0.5764022385513913,-0.29927458162550674,0.026735674352058578,-0.4102307773455109,-0.16012815380508655,0.0,-0.20081482092072048,0.6043967697725819,0.12517016742145937,0.6735767296537387,-0.30688341553232074,-0.21620453865979572,0.47679573237697104,0.2817186316463546,-0.5481400975084769,-0.029589418670164555,-0.2818122082130848,-0.16012815380508655,0.3333333333333333,-0.14230086682200482,0.8462011736355318,0.9041393492253029,0.9041393492253029,0.8462011736355318,0.0,0.9041393492253029,0.0,0,1.690328986338043,0.5900384383152614,1.1123179192234092,-0.9896927564237799,0.0,-0.3100727359125173
12,-1.032776940498806,0.758407342626763,0.0,0.0,-0.10197034908782013,114662,1.164791528940629,0.39891390884912803,0,0.119786575209983,-1.5609357887995332,-0.5186488121605765,-0.18972740484046535,-0.9318683576567963,1,1.6942387929852445,-0.06404469317237681,-0.5706570737796186,1.0961626484344056,-0.4102307773455109,-0.16012815380508655,1,0.0,4.165853826403373,1,1.1121729616403153,0.49978321756132676,-0.7340648276314544,1.1730705888058424,-1.434464307945125,-0.10911672679705034,0.09714075127142209,-0.40228806716369847,-0.06404469317237681,-0.5706570737796186,1.0961626484344056,-0.4102307773455109,-0.16012815380508655,0.3333333333333333,4.167197161697064,-0.9318683576567963,1.164791528940629,0.39891390884912803,0.119786575209983,-1.5609357887995332,-0.5186488121605765,-0.06404469317237681,-0.5706570737796186,1.0961626484344056,-0.4102307773455109,-0.16012815380508655,0.0,4.165853826403373,-1.7753622981005974,1.2163613655402477,-1.5468511992582559,-0.22623288369987216,0.01459350585878725,-0.5036226012102604,-0.21279783302658242,-0.5884036607684392,2.03509446187021,-0.5054726909218822,-0.16012815380508655,0.3333333333333333,4.333418765020446,0.1772674395362971,-1.0854357784301372,-1.0854357784301372,0.1772674395362971,0.0,-1.0854357784301372,0.0,0,-0.8515191134184126,-1.0565804593087236,-0.28108228873506413,-0.7554459501696308,0.0,-0.9318683576567963
